{
  "-1": 2.3513752571634776,
  "-2": 2.3513752571634776,
  "^3": 2.3513752571634776,
  "approach": 3.044522437723423,
  "be": 2.3513752571634776,
  "calculate": 1.6582280766035324,
  "change": 1.9459101490553132,
  "common": 3.044522437723423,
  "definite": 1.0986122886681098,
  "degree": 3.044522437723423,
  "differentiate": 3.044522437723423,
  "do": 3.044522437723423,
  "du=dx": 3.044522437723423,
  "dv": 2.3513752571634776,
  "equation": 2.3513752571634776,
  "evaluate": 2.3513752571634776,
  "expand": 1.6582280766035324,
  "expression": 0.4054651081081644,
  "factor": 2.3513752571634776,
  "factors": 3.044522437723423,
  "form": 1.9459101490553132,
  "formula": 1.6582280766035324,
  "function": 1.4350845252893227,
  "get": 3.044522437723423,
  "group": 3.044522437723423,
  "indefinite": 2.3513752571634776,
  "integral": 0.965080896043587,
  "integrate": 1.4350845252893227,
  "integration": 1.0986122886681098,
  "interval": 2.3513752571634776,
  "large": 3.044522437723423,
  "look": 3.044522437723423,
  "make": 3.044522437723423,
  "merge": 3.044522437723423,
  "modify": 3.044522437723423,
  "numbers": 3.044522437723423,
  "order": 3.044522437723423,
  "parts": 1.6582280766035324,
  "plug": 2.3513752571634776,
  "polynomial": 1.9459101490553132,
  "previous": 3.044522437723423,
  "question": 3.044522437723423,
  "range": 3.044522437723423,
  "repeat": 3.044522437723423,
  "replace": 3.044522437723423,
  "respect": 3.044522437723423,
  "simpler": 2.3513752571634776,
  "simplify": 1.0986122886681098,
  "solution": 1.6582280766035324,
  "solve": 1.0986122886681098,
  "substitute": 1.0986122886681098,
  "substitution": 1.4350845252893227,
  "t": 3.044522437723423,
  "term": 2.3513752571634776,
  "terms": 3.044522437723423,
  "think": 2.3513752571634776,
  "translate": 3.044522437723423,
  "u": 2.3513752571634776,
  "u=x+2": 3.044522437723423,
  "use": 1.4350845252893227,
  "variable": 1.0986122886681098,
  "variables": 1.9459101490553132,
  "write": 3.044522437723423,
  "x": 1.6582280766035324,
  "x+2": 1.9459101490553132
}